symbol,sample,strategy,cost_bps,total_return,cagr,sharpe,max_drawdown,calmar,trade_win_rate,trade_profit_factor,payoff_ratio,trades,turnover,avg_hold_h
BTCUSDT,IN_SAMPLE (2020-2023),Buy & Hold,0.0,4.891523222730407,0.5585932450697402,0.9905329143774054,-0.7719848663243931,0.7235805641234107,0.5084779630052524,1.0363896273274318,,1,1.0,35032.0
BTCUSDT,IN_SAMPLE (2020-2023),PFR v0.4 Flagship,0.0,1.178909178088738,0.21516995543550266,0.9204895073906965,-0.2473506486652175,0.8698984886299185,0.49693251533742333,1.5736260361708616,1.593053518098897,163,326.0,24.957055214723926
BTCUSDT,IN_SAMPLE (2020-2023),PFR v0.4 Flagship,2.5,1.0082823932313048,0.19062596420907307,0.8367354521307108,-0.2585652342907536,0.7372451471751859,0.49693251533742333,1.5397430507190832,1.558752224184751,163,326.0,24.957055214723926
BTCUSDT,IN_SAMPLE (2020-2023),PFR v0.4 Flagship,5.0,0.8509793435092898,0.16657175626676435,0.7529470153000087,-0.2696154651871015,0.6178123207849769,0.4785276073619632,1.5066174056762056,1.6418266600317626,163,326.0,24.957055214723926
BTCUSDT,IN_SAMPLE (2020-2023),PFR v0.4 Flagship,10.0,0.5722751617279043,0.11989425872805537,0.5853525355524889,-0.32074231311599305,0.37380243836022,0.4723926380368098,1.4426124647206686,1.6112295060516557,163,326.0,24.957055214723926
BTCUSDT,OUT_OF_SAMPLE (2024-2026),Buy & Hold,0.0,0.7824767912272659,0.23785878749478906,0.6870364623641887,-0.5374206479139328,0.44259331757733616,0.5047799536744578,1.022872050408421,,1,1.0,23745.0
BTCUSDT,OUT_OF_SAMPLE (2024-2026),PFR v0.4 Flagship,0.0,0.7129478138145695,0.21980917493823604,1.3296619902119966,-0.08448811635990665,2.601657894725479,0.625,1.819953519063215,1.091972111437929,112,224.0,24.071428571428573
BTCUSDT,OUT_OF_SAMPLE (2024-2026),PFR v0.4 Flagship,2.5,0.6197104896579357,0.1948641133894069,1.2001331346961426,-0.08540336222508331,2.281691356317287,0.6160714285714286,1.768115976954552,1.101869376942692,112,224.0,24.071428571428573
BTCUSDT,OUT_OF_SAMPLE (2024-2026),PFR v0.4 Flagship,5.0,0.5315267355909545,0.1704231335411941,1.0702662243049772,-0.08657169086463286,1.9685780864286788,0.6071428571428571,1.717610188016289,1.111394827539952,112,224.0,24.071428571428573
BTCUSDT,OUT_OF_SAMPLE (2024-2026),PFR v0.4 Flagship,10.0,0.36924360521782074,0.12301336094977144,0.8098334163921747,-0.09317785158375609,1.3201995845460837,0.5714285714285714,1.6201208255300599,1.2150906191475448,112,224.0,24.071428571428573
BTCUSDT,FULL_SAMPLE,Buy & Hold,0.0,9.501503409493445,0.4200688938805395,0.8806031024607556,-0.7719848663243931,0.5441413584706514,0.5069840243632714,1.031786567373877,,1,1.0,58777.0
BTCUSDT,FULL_SAMPLE,PFR v0.4 Flagship,0.0,2.732357713107583,0.21704200048278244,1.0257150700785265,-0.2473506486652175,0.8774668740672801,0.5490909090909091,1.6508148457098282,1.3556360322385346,275,550.0,24.596363636363638
BTCUSDT,FULL_SAMPLE,PFR v0.4 Flagship,2.5,2.2528360585120963,0.19233629821357656,0.9297213715330992,-0.2585652342907536,0.743859857034363,0.5454545454545454,1.6114008284568504,1.342834023714042,275,550.0,24.596363636363638
BTCUSDT,FULL_SAMPLE,PFR v0.4 Flagship,5.0,1.834824351611069,0.16812612509101443,0.8336412110680866,-0.2696154651871015,0.6235774530750384,0.5309090909090909,1.5729093420182343,1.389762363838029,275,550.0,24.596363636363638
BTCUSDT,FULL_SAMPLE,PFR v0.4 Flagship,10.0,1.1528277108387428,0.12115328352571586,0.6413500555617038,-0.3273093261149066,0.370149194842017,0.5127272727272727,1.498555254877832,1.4241588947065922,275,550.0,24.596363636363638
ETHUSDT,IN_SAMPLE (2020-2023),Buy & Hold,0.0,16.70675874912717,1.0526731231101252,1.2665216699729995,-0.8134301412710891,1.2941161996593686,0.5064226992464033,1.0449808122463224,,1,1.0,35032.0
ETHUSDT,IN_SAMPLE (2020-2023),PFR v0.4 Flagship,0.0,0.8872143846005567,0.172244751111037,0.6921148477480981,-0.45700650871470566,0.3768978074195521,0.5408805031446541,1.4198472651514784,1.20521919018672,159,318.0,24.955974842767297
ETHUSDT,IN_SAMPLE (2020-2023),PFR v0.4 Flagship,2.5,0.7429770730144594,0.14915343777826218,0.623703663856608,-0.4610802641789229,0.323486927040501,0.5408805031446541,1.3951244416168207,1.1842335376514872,159,318.0,24.955974842767297
ETHUSDT,IN_SAMPLE (2020-2023),PFR v0.4 Flagship,5.0,0.6097316196434044,0.1265113804569562,0.5552617554399002,-0.4651244684646004,0.27199467891804685,0.5408805031446541,1.370856588686649,1.163634081094481,159,318.0,24.955974842767297
ETHUSDT,IN_SAMPLE (2020-2023),PFR v0.4 Flagship,10.0,0.3729387119943892,0.08254067178538405,0.418333693797157,-0.47345133711857496,0.17433823777481885,0.5283018867924528,1.3236243110492474,1.1818074205796851,159,318.0,24.955974842767297
ETHUSDT,OUT_OF_SAMPLE (2024-2026),Buy & Hold,0.0,0.04540574178195378,0.016528237042845006,0.35414846471035966,-0.6914772036474163,0.02390279383855544,0.5057906927774268,1.0118140078487976,,1,1.0,23745.0
ETHUSDT,OUT_OF_SAMPLE (2024-2026),PFR v0.4 Flagship,0.0,0.21626922206933274,0.07495585507916736,0.4351595915164114,-0.4739285968669677,0.15815854028366969,0.5172413793103449,1.2051396459920642,1.1247970029259267,116,232.0,24.629310344827587
ETHUSDT,OUT_OF_SAMPLE (2024-2026),PFR v0.4 Flagship,2.5,0.14773261881700783,0.05218364606079362,0.3392817810755603,-0.4790380261654518,0.10893424573933563,0.5,1.1827659149968066,1.1827659149968066,116,232.0,24.629310344827587
ETHUSDT,OUT_OF_SAMPLE (2024-2026),PFR v0.4 Flagship,5.0,0.08304233535862093,0.029888336349254807,0.24337693200758287,-0.4840990909296347,0.061740120791921024,0.4827586206896552,1.160770109071998,1.243682259719998,116,232.0,24.629310344827587
ETHUSDT,OUT_OF_SAMPLE (2024-2026),PFR v0.4 Flagship,10.0,-0.03564721032539053,-0.013310870245738071,0.05160849904754661,-0.49407790633252696,-0.026940832761664753,0.46551724137931033,1.117984502742984,1.2836118364826854,116,232.0,24.629310344827587
ETHUSDT,FULL_SAMPLE,Buy & Hold,0.0,17.510747264685282,0.5453383047086333,0.9478291782527388,-0.8134301412710891,0.6704181183358563,0.5061673783963114,1.0332106496191262,,1,1.0,58777.0
ETHUSDT,FULL_SAMPLE,PFR v0.4 Flagship,0.0,1.2953607714361692,0.13192408398843192,0.5994381570643135,-0.4739285968669689,0.2783627847328715,0.5309090909090909,1.3282778321726738,1.1736153448648967,275,550.0,24.818181818181817
ETHUSDT,FULL_SAMPLE,PFR v0.4 Flagship,2.5,1.00047164054889,0.10894722087575892,0.5222327053981861,-0.47903802616545177,0.22742917038934685,0.5236363636363637,1.3045308369697306,1.1867606919655187,275,550.0,24.818181818181817
ETHUSDT,FULL_SAMPLE,PFR v0.4 Flagship,5.0,0.7434074926392051,0.08643119178110004,0.44499627684236576,-0.4840990909296331,0.17854028937572072,0.5163636363636364,1.2811892232316544,1.1999870893648594,275,550.0,24.818181818181817
ETHUSDT,FULL_SAMPLE,PFR v0.4 Flagship,10.0,0.32399727696405756,0.042745290833656524,0.29049728201496383,-0.49407790633252796,0.08651528490911264,0.5018181818181818,1.2357357335420742,1.2267811267772766,275,550.0,24.818181818181817
SOLUSDT,IN_SAMPLE (2020-2023),Buy & Hold,0.0,33.46383194985546,1.8442592387644883,1.4417920060767981,-0.96796161584894,1.9053020373612657,0.4934986188775854,1.0495269671655316,,1,1.0,29686.0
SOLUSDT,IN_SAMPLE (2020-2023),PFR v0.4 Flagship,0.0,-0.014359706560307273,-0.004261919343277798,0.2647914495272457,-0.6086255911205493,-0.007002530628774773,0.532258064516129,1.1246140246728185,0.9882971731973252,124,248.0,24.096774193548388
SOLUSDT,IN_SAMPLE (2020-2023),PFR v0.4 Flagship,2.5,-0.07364136184777381,-0.02233471773308593,0.23118588596946948,-0.6160064449277173,-0.03625727931419079,0.532258064516129,1.1134045497260199,0.9784464224865023,124,248.0,24.096774193548388
SOLUSDT,IN_SAMPLE (2020-2023),PFR v0.4 Flagship,5.0,-0.12937101670892026,-0.040083891843961106,0.1975785642325833,-0.6232499026954209,-0.06431431705100467,0.532258064516129,1.1023006829968003,0.9686884789971881,124,248.0,24.096774193548388
SOLUSDT,IN_SAMPLE (2020-2023),PFR v0.4 Flagship,10.0,-0.23100978395176475,-0.07463413253745821,0.13036481645036155,-0.637334681022933,-0.11710351681736376,0.5241935483870968,1.0803950758154774,0.9806662995863565,124,248.0,24.096774193548388
SOLUSDT,OUT_OF_SAMPLE (2024-2026),Buy & Hold,0.0,-0.05003932363349639,-0.018772905278634622,0.39334039592239717,-0.7873113471212959,-0.023844322004598777,0.5032638450200042,1.0125873860745631,,1,1.0,23745.0
SOLUSDT,OUT_OF_SAMPLE (2024-2026),PFR v0.4 Flagship,0.0,0.6808047961530368,0.21130850884611108,0.7820933602377613,-0.362674824032658,0.5826390332158354,0.5378151260504201,1.4019146569600942,1.204770408325081,119,238.0,25.327731092436974
SOLUSDT,OUT_OF_SAMPLE (2024-2026),PFR v0.4 Flagship,2.5,0.5836964496389465,0.18498644336962622,0.7098015561077361,-0.378728241480307,0.488441111881658,0.5378151260504201,1.379382525442762,1.1854068578023738,119,238.0,25.327731092436974
SOLUSDT,OUT_OF_SAMPLE (2024-2026),PFR v0.4 Flagship,5.0,0.4921763182850585,0.15922999354229694,0.6374783638183001,-0.39438115895902465,0.40374645168797374,0.5294117647058824,1.3571885520352789,1.206389824031359,119,238.0,25.327731092436974
SOLUSDT,OUT_OF_SAMPLE (2024-2026),PFR v0.4 Flagship,10.0,0.32463777974760544,0.10936612463062456,0.4927889667146501,-0.4245248326147754,0.2576200877508293,0.5042016806722689,1.3137016193437734,1.2918065923547106,119,238.0,25.327731092436974
SOLUSDT,FULL_SAMPLE,Buy & Hold,0.0,31.739285109266156,0.7724148281950469,1.0739739950641465,-0.96796161584894,0.7979808450540768,0.4978383335516835,1.0371926996053071,,1,1.0,53431.0
SOLUSDT,FULL_SAMPLE,PFR v0.4 Flagship,0.0,0.6566689324951271,0.0863462397834871,0.4093823467290272,-0.6086255911205493,0.14187086616669176,0.5349794238683128,1.2210164626262652,1.0613450790520613,243,486.0,24.699588477366255
SOLUSDT,FULL_SAMPLE,PFR v0.4 Flagship,2.5,0.46707088633405003,0.06489873312113259,0.3654555407261602,-0.6160064449277173,0.10535398396480716,0.5349794238683128,1.2061029712762812,1.0483818134939982,243,486.0,24.699588477366255
SOLUSDT,FULL_SAMPLE,PFR v0.4 Flagship,5.0,0.29913195087955,0.04386945264955955,0.3215230855563935,-0.6232499026954209,0.0703882222200656,0.5308641975308642,1.191361037658479,1.0528306844423767,243,486.0,24.699588477366255
SOLUSDT,FULL_SAMPLE,PFR v0.4 Flagship,10.0,0.018633492433761223,0.003033508167242349,0.23365387693910303,-0.637334681022933,0.004759678482227763,0.51440329218107,1.1623552663149281,1.097263371401292,243,486.0,24.699588477366255
